{
  "suit.symbiote.climb": {
    "sounds": [
      "suit/symbiote/climb1",
      "suit/symbiote/climb2"
    ],
    "category": "player"
  },
  "suit.symbiote.unanchor": {
    "sounds": [
      "suit/symbiote/unanchor"
    ],
    "category": "player"
  },
  "suit.symbiote.grab": {
    "sounds": [
      "suit/symbiote/grab"
    ],
    "category": "player"
  },
  "suit.symbiote.jab": {
    "sounds": [
      "suit/symbiote/jab"
    ],
    "category": "player"
  },
  "suit.symbiote.enable": {
    "sounds": [
      "suit/symbiote/transformon"
    ],
    "category": "player"
  },
  "suit.symbiote.disable": {
    "sounds": [
      "suit/symbiote/transformoff"
    ],
    "category": "player"
  },
  "suit.spider.armswhoosh": {
    "sounds": [
      "suit/spider/armswhoosh"
    ],
    "category": "player"
  }
}